market_date,open,high,low,close,symbol,conners_vix_reversal
2024-01-02,13.22,14.23,13.1,13.2,SPY,
2024-01-03,13.35,14.22,13.33,14.04,SPY,
2024-01-04,13.93,14.2,13.64,14.13,SPY,
2024-01-05,14.24,14.58,13.29,13.35,SPY,
2024-01-08,14.0,14.18,13.02,13.08,SPY,
2024-01-09,13.2,13.45,12.74,12.76,SPY,
2024-01-10,12.86,12.95,12.67,12.69,SPY,
2024-01-11,12.64,13.31,12.35,12.44,SPY,
2024-01-12,12.66,13.08,12.47,12.7,SPY,
2024-01-16,14.12,14.35,13.52,13.84,SPY,
2024-01-17,14.59,15.4,14.38,14.79,SPY,0.0
2024-01-18,14.85,14.89,13.89,14.13,SPY,0.0
2024-01-19,13.8,14.58,13.28,13.3,SPY,0.0
2024-01-22,13.77,13.84,13.17,13.19,SPY,0.0
2024-01-23,13.2,13.29,12.53,12.55,SPY,0.0
2024-01-24,12.66,13.18,12.41,13.14,SPY,-1.0
2024-01-25,13.18,13.56,13.06,13.45,SPY,0.0
2024-01-26,13.73,14.1,13.2,13.26,SPY,0.0
2024-01-29,13.98,15.35,13.59,13.6,SPY,0.0
2024-01-30,13.69,13.74,13.23,13.31,SPY,0.0
2024-01-31,13.42,14.61,13.18,14.35,SPY,-1.0
2024-02-01,14.21,14.63,13.87,13.88,SPY,0.0
2024-02-02,13.95,14.23,13.39,13.85,SPY,0.0
2024-02-05,14.37,14.53,13.58,13.67,SPY,0.0
2024-02-06,13.57,13.78,12.98,13.06,SPY,0.0
2024-02-07,13.06,13.13,12.81,12.83,SPY,0.0
2024-02-08,12.95,13.17,12.74,12.79,SPY,0.0
2024-02-09,12.79,13.01,12.69,12.93,SPY,-1.0
2024-02-12,13.48,13.94,13.34,13.93,SPY,0.0
2024-02-13,13.96,17.94,13.43,15.85,SPY,0.0
2024-02-14,15.38,15.47,14.22,14.38,SPY,0.0
2024-02-15,15.38,15.38,13.94,14.01,SPY,0.0
2024-02-16,13.94,14.71,13.75,14.24,SPY,-1.0
2024-02-20,15.09,15.91,15.07,15.42,SPY,0.0
2024-02-21,15.54,16.12,15.22,15.34,SPY,0.0
2024-02-22,15.38,15.38,14.12,14.54,SPY,0.0
2024-02-23,14.31,14.31,13.64,13.75,SPY,0.0
2024-02-26,14.31,14.31,13.66,13.74,SPY,0.0
2024-02-27,13.63,13.75,13.41,13.43,SPY,0.0
2024-02-28,13.52,13.9,13.44,13.84,SPY,-1.0
2024-02-29,14.14,14.15,13.3,13.4,SPY,0.0
2024-03-01,13.34,13.66,13.08,13.11,SPY,0.0
2024-03-04,13.49,13.58,13.32,13.49,SPY,0.0
2024-03-05,13.75,15.1,13.75,14.46,SPY,0.0
2024-03-06,14.27,14.93,13.89,14.5,SPY,0.0
2024-03-07,14.98,14.98,14.25,14.44,SPY,0.0
2024-03-08,14.22,15.53,13.97,14.74,SPY,0.0
2024-03-11,15.51,16.04,15.13,15.22,SPY,0.0
2024-03-12,14.97,15.2,13.81,13.84,SPY,0.0
2024-03-13,13.89,14.04,13.67,13.75,SPY,0.0
2024-03-14,13.62,15.33,13.42,14.4,SPY,0.0
2024-03-15,14.33,15.53,14.14,14.41,SPY,0.0
2024-03-18,14.75,14.85,14.26,14.33,SPY,0.0
2024-03-19,14.5,14.86,13.8,13.82,SPY,0.0
2024-03-20,13.83,14.17,13.01,13.04,SPY,0.0
2024-03-21,12.98,13.08,12.4,12.92,SPY,0.0
2024-03-22,12.92,13.15,12.58,13.06,SPY,-1.0
2024-03-25,13.67,13.67,13.11,13.19,SPY,0.0
2024-03-26,13.12,13.43,12.84,13.24,SPY,-1.0
2024-03-27,13.13,13.34,12.66,12.78,SPY,0.0
2024-03-28,12.93,13.1,12.84,13.01,SPY,-1.0
2024-04-01,13.61,14.15,13.55,13.65,SPY,0.0
2024-04-02,13.74,15.43,13.68,14.61,SPY,0.0
2024-04-03,15.0,15.18,14.25,14.33,SPY,0.0
2024-04-04,14.29,16.92,13.74,16.35,SPY,0.0
2024-04-05,16.45,16.75,15.53,16.03,SPY,0.0
2024-04-08,16.24,16.5,15.11,15.19,SPY,0.0
2024-04-09,15.34,16.63,14.94,14.98,SPY,0.0
2024-04-10,15.24,16.62,14.59,15.8,SPY,0.0
2024-04-11,16.02,17.61,14.91,14.91,SPY,1.0
2024-04-12,14.91,19.2,14.91,17.31,SPY,0.0
2024-04-15,16.94,19.46,16.26,19.23,SPY,0.0
2024-04-16,19.49,19.56,17.64,18.4,SPY,0.0
2024-04-17,18.24,19.11,17.54,18.21,SPY,0.0
2024-04-18,17.91,18.37,17.21,18.0,SPY,-1.0
2024-04-19,21.33,21.36,18.17,18.71,SPY,1.0
2024-04-22,18.59,18.72,16.69,16.94,SPY,0.0
2024-04-23,16.72,16.76,15.69,15.69,SPY,0.0
2024-04-24,15.76,16.38,15.58,15.97,SPY,-1.0
2024-04-25,16.25,17.55,15.27,15.37,SPY,0.0
2024-04-26,15.49,16.06,14.92,15.03,SPY,0.0
2024-04-29,15.37,15.42,14.63,14.67,SPY,0.0
2024-04-30,14.82,15.9,14.67,15.65,SPY,-1.0
2024-05-01,15.75,16.22,14.35,15.39,SPY,0.0
2024-05-02,15.14,16.09,14.6,14.68,SPY,0.0
2024-05-03,14.51,14.58,13.48,13.49,SPY,0.0
2024-05-06,13.98,14.02,13.44,13.49,SPY,0.0
2024-05-07,13.52,13.64,13.16,13.23,SPY,0.0
2024-05-08,13.24,13.51,12.94,13.0,SPY,0.0
2024-05-09,13.08,13.29,12.68,12.69,SPY,0.0
2024-05-10,12.77,12.96,12.5,12.55,SPY,0.0
2024-05-13,13.26,13.66,13.25,13.6,SPY,-1.0
2024-05-14,13.71,14.03,13.27,13.42,SPY,0.0
2024-05-15,13.73,13.94,12.38,12.45,SPY,0.0
2024-05-16,12.52,12.67,12.33,12.42,SPY,0.0
2024-05-17,12.28,12.48,11.91,11.99,SPY,0.0
2024-05-20,12.27,12.59,12.07,12.15,SPY,0.0
2024-05-21,12.3,12.56,11.84,11.86,SPY,0.0
2024-05-22,12.05,12.81,11.78,12.29,SPY,0.0
2024-05-23,11.53,13.37,11.52,12.77,SPY,0.0
2024-05-24,12.86,12.89,11.89,11.93,SPY,0.0
2024-05-28,12.51,13.44,12.36,12.92,SPY,-1.0
2024-05-29,13.75,14.32,13.69,14.28,SPY,0.0
2024-05-30,14.82,14.88,13.67,14.47,SPY,1.0
2024-05-31,14.5,14.87,12.84,12.92,SPY,0.0
2024-06-03,13.08,14.31,13.0,13.11,SPY,-1.0
2024-06-04,13.51,14.08,13.11,13.16,SPY,0.0
2024-06-05,13.14,13.25,12.6,12.63,SPY,0.0
2024-06-06,12.75,12.98,12.54,12.58,SPY,0.0
2024-06-07,12.69,13.08,12.11,12.22,SPY,0.0
2024-06-10,13.09,13.28,12.62,12.74,SPY,0.0
2024-06-11,12.85,13.47,12.78,12.85,SPY,0.0
2024-06-12,13.1,13.15,11.94,12.04,SPY,0.0
2024-06-13,12.05,12.68,11.88,11.94,SPY,0.0
2024-06-14,12.22,13.45,12.12,12.66,SPY,0.0
2024-06-17,13.07,13.29,12.5,12.75,SPY,0.0
2024-06-18,12.7,12.74,12.24,12.3,SPY,0.0
2024-06-20,12.5,13.55,12.18,13.28,SPY,0.0
2024-06-21,13.22,13.78,12.99,13.2,SPY,0.0
2024-06-24,13.85,13.88,13.15,13.33,SPY,0.0
2024-06-25,13.48,13.52,12.84,12.84,SPY,0.0
2024-06-26,12.81,13.24,12.37,12.55,SPY,0.0
2024-06-27,12.69,12.77,12.21,12.24,SPY,0.0
2024-06-28,12.24,12.76,11.87,12.44,SPY,0.0
2024-07-01,12.98,13.26,12.1,12.22,SPY,0.0
2024-07-02,12.67,12.88,11.85,12.03,SPY,0.0
2024-07-03,12.13,12.23,11.95,12.09,SPY,0.0
2024-07-05,12.37,12.61,11.84,12.48,SPY,-1.0
2024-07-08,12.91,12.91,12.31,12.37,SPY,0.0
2024-07-09,12.48,12.61,12.35,12.51,SPY,-1.0
2024-07-10,12.51,12.92,12.39,12.85,SPY,0.0
2024-07-11,12.88,13.33,12.23,12.92,SPY,0.0
2024-07-12,12.87,12.89,12.11,12.46,SPY,0.0
2024-07-15,12.78,13.26,12.75,13.12,SPY,-1.0
2024-07-16,13.38,13.47,12.95,13.19,SPY,0.0
2024-07-17,13.6,14.88,13.54,14.48,SPY,0.0
2024-07-18,14.27,16.43,14.08,15.93,SPY,0.0
2024-07-19,16.44,17.19,10.62,16.52,SPY,0.0
2024-07-22,16.79,16.89,14.75,14.91,SPY,0.0
2024-07-23,15.21,15.35,13.9,14.72,SPY,0.0
2024-07-24,15.35,18.46,15.18,18.04,SPY,0.0
2024-07-25,18.41,19.36,16.42,18.46,SPY,0.0
2024-07-26,17.97,18.05,16.37,16.39,SPY,0.0
2024-07-29,16.59,17.21,16.23,16.6,SPY,-1.0
2024-07-30,16.64,18.32,16.26,17.69,SPY,0.0
2024-07-31,16.66,16.77,15.71,16.36,SPY,0.0
2024-08-01,16.2,19.48,15.95,18.59,SPY,0.0
2024-08-02,20.52,29.66,20.01,23.39,SPY,0.0
2024-08-05,23.39,65.73,23.39,38.57,SPY,0.0
2024-08-06,33.71,34.77,24.02,27.71,SPY,0.0
2024-08-07,24.77,29.76,21.97,27.85,SPY,-1.0
2024-08-08,28.34,29.47,23.36,23.79,SPY,0.0
2024-08-09,23.78,24.52,20.26,20.37,SPY,0.0
2024-08-12,20.79,21.19,18.89,20.71,SPY,0.0
2024-08-13,20.06,20.79,17.95,18.12,SPY,0.0
2024-08-14,18.41,18.49,16.12,16.19,SPY,0.0
2024-08-15,16.27,16.68,14.77,15.23,SPY,0.0
2024-08-16,15.29,15.76,14.65,14.8,SPY,0.0
2024-08-19,15.94,16.07,14.46,14.65,SPY,0.0
2024-08-20,14.89,15.93,14.78,15.88,SPY,-1.0
2024-08-21,16.25,17.17,15.92,16.27,SPY,0.0
2024-08-22,16.27,18.06,15.76,17.54,SPY,0.0
2024-08-23,17.12,17.21,15.61,15.79,SPY,0.0
2024-08-26,16.27,16.67,15.81,16.1,SPY,0.0
2024-08-27,16.21,16.81,15.37,15.42,SPY,0.0
2024-08-28,15.51,17.89,15.46,17.11,SPY,0.0
2024-08-29,16.54,16.57,15.19,15.65,SPY,0.0
2024-08-30,15.67,16.04,14.78,15.0,SPY,0.0
2024-09-03,15.76,21.99,15.71,20.72,SPY,0.0
2024-09-04,23.2,23.31,19.34,21.32,SPY,0.0
2024-09-05,20.75,21.53,19.21,19.9,SPY,0.0
2024-09-06,21.98,23.76,18.83,22.38,SPY,0.0
2024-09-09,21.32,21.41,19.29,19.45,SPY,0.0
2024-09-10,19.86,20.74,18.9,19.08,SPY,0.0
2024-09-11,19.41,21.41,17.55,17.69,SPY,0.0
2024-09-12,17.62,18.59,16.89,17.07,SPY,0.0
2024-09-13,17.03,17.18,16.23,16.56,SPY,0.0
2024-09-16,17.16,17.69,16.91,17.14,SPY,0.0
2024-09-17,17.16,18.08,16.67,17.77,SPY,-1.0
2024-09-18,17.58,19.39,17.11,18.23,SPY,0.0
2024-09-19,17.21,17.27,16.21,16.33,SPY,0.0
2024-09-20,16.35,16.68,15.81,16.15,SPY,0.0
2024-09-23,16.71,16.95,15.75,15.89,SPY,0.0
2024-09-24,15.87,16.67,15.27,15.39,SPY,0.0
2024-09-25,15.82,15.82,15.17,15.41,SPY,0.0
2024-09-26,15.06,15.83,14.9,15.37,SPY,-1.0
2024-09-27,15.64,16.97,15.2,16.96,SPY,0.0
2024-09-30,17.01,17.79,16.47,16.73,SPY,0.0
2024-10-01,16.96,20.73,16.61,19.26,SPY,0.0
2024-10-02,19.65,20.36,18.58,18.9,SPY,0.0
2024-10-03,19.63,20.75,19.16,20.49,SPY,0.0
2024-10-04,20.48,20.48,18.48,19.21,SPY,0.0
2024-10-07,20.76,23.03,20.65,22.64,SPY,0.0
2024-10-08,22.92,23.14,21.14,21.42,SPY,0.0
2024-10-09,21.98,22.01,20.71,20.86,SPY,0.0
2024-10-10,20.91,21.39,20.64,20.93,SPY,-1.0
2024-10-11,20.87,21.16,20.14,20.46,SPY,0.0
2024-10-14,20.86,20.86,19.69,19.7,SPY,0.0
2024-10-15,19.61,20.89,19.44,20.64,SPY,0.0
2024-10-16,20.77,21.01,19.45,19.58,SPY,0.0
2024-10-17,19.55,19.65,18.88,19.11,SPY,0.0
2024-10-18,19.3,19.32,17.99,18.03,SPY,0.0
2024-10-21,18.78,19.34,18.36,18.37,SPY,0.0
2024-10-22,18.79,19.44,18.05,18.2,SPY,0.0
2024-10-23,18.21,20.47,18.18,19.24,SPY,0.0
2024-10-24,18.87,20.24,18.63,19.08,SPY,0.0
2024-10-25,19.22,20.51,18.23,20.33,SPY,0.0
2024-10-28,19.11,19.88,18.91,19.8,SPY,0.0
2024-10-29,19.75,20.53,19.06,19.34,SPY,0.0
2024-10-30,19.33,20.44,19.3,20.35,SPY,-1.0
2024-10-31,21.44,23.42,21.12,23.16,SPY,0.0
2024-11-01,22.96,23.09,21.16,21.88,SPY,0.0
2024-11-04,22.5,23.07,21.73,21.98,SPY,0.0
2024-11-05,21.98,22.06,20.2,20.49,SPY,0.0
2024-11-06,16.06,16.82,15.44,16.27,SPY,-1.0
2024-11-07,15.86,15.86,15.13,15.2,SPY,0.0
2024-11-08,15.13,15.33,14.66,14.94,SPY,0.0
2024-11-11,15.33,15.56,14.89,14.97,SPY,0.0
2024-11-12,15.09,15.37,14.69,14.71,SPY,0.0
2024-11-13,15.09,15.26,13.77,14.02,SPY,0.0
2024-11-14,14.17,14.32,13.59,14.31,SPY,-1.0
2024-11-15,15.02,17.55,14.56,16.14,SPY,0.0
2024-11-18,16.6,17.0,15.35,15.58,SPY,0.0
2024-11-19,15.44,17.93,15.37,16.35,SPY,-1.0
2024-11-20,16.19,18.79,16.04,17.16,SPY,0.0
2024-11-21,17.1,17.99,15.73,16.87,SPY,0.0
2024-11-22,16.67,17.56,15.24,15.24,SPY,0.0
2024-11-25,15.23,15.72,14.54,14.6,SPY,0.0
2024-11-26,14.95,15.03,13.88,14.1,SPY,0.0
2024-11-27,14.28,15.13,13.96,14.1,SPY,0.0
2024-11-29,14.0,14.15,13.49,13.51,SPY,0.0
2024-12-02,14.08,14.1,13.3,13.34,SPY,0.0
2024-12-03,13.38,13.77,13.19,13.3,SPY,0.0
2024-12-04,13.16,13.61,12.89,13.45,SPY,-1.0
2024-12-05,13.46,13.7,13.26,13.54,SPY,0.0
2024-12-06,13.62,13.74,12.7,12.77,SPY,0.0
2024-12-09,13.36,14.23,13.35,14.19,SPY,-1.0
2024-12-10,14.3,14.54,13.86,14.18,SPY,0.0
2024-12-11,14.42,14.43,13.52,13.58,SPY,0.0
2024-12-12,13.73,13.95,13.39,13.92,SPY,-1.0
2024-12-13,13.57,14.25,13.24,13.81,SPY,0.0
2024-12-16,14.37,14.69,13.99,14.69,SPY,0.0
2024-12-17,14.98,15.94,14.78,15.87,SPY,0.0
2024-12-18,15.57,28.32,14.82,27.62,SPY,0.0
2024-12-19,21.61,24.12,20.16,24.09,SPY,0.0
2024-12-20,24.14,26.51,17.82,18.36,SPY,0.0
2024-12-23,18.09,20.02,16.74,16.78,SPY,0.0
2024-12-24,16.97,17.04,14.27,14.27,SPY,0.0
2024-12-26,14.99,15.93,14.55,14.73,SPY,0.0
2024-12-27,15.38,18.45,15.29,15.95,SPY,-1.0
2024-12-30,17.21,19.22,16.44,17.4,SPY,0.0
2024-12-31,17.39,17.81,16.68,17.35,SPY,0.0
